population_rank,state,name,population,requirement,housing_duty,plan_mandate,coverage,allocation,allocation_detail,enforcement,key_distinction,checked_on,review_status,uncertainties,sources,contents
1,CA,California,39355309,required_statewide,"A housing element is mandatory under §65302(c), with detailed substantive requirements in §65583.",Every city and county must adopt a general plan; charter cities must include its mandatory elements.,"All cities and counties, including charter cities; no population cutoff.",state_or_regional,"HCD determines regional need; councils of governments allocate municipal/county shares, or HCD does so where no council exists. Income-specific RHNA informs land capacity and programs, not a guarantee of construction. Seventh-cycle allocations separately identify acutely low and extremely low incomes.","HCD reviews drafts and adopted elements, may revoke compliance findings and refer violations to the Attorney General; courts can order compliance and impose escalating remedies under §65585.",RHNA is an external allocation of planning need. Quantified program objectives may differ from total need (§65583(b)(2)); this does not eliminate the adequate-sites obligation.,2026-09-20,source_checked,,"Cal. Gov’t Code §65300: https://leginfo.legislature.ca.gov/faces/codes_displaySection.xhtml?sectionNum=65300.&lawCode=GOV | Cal. Gov’t Code §65302(c): https://leginfo.legislature.ca.gov/faces/codes_displaySection.xhtml?sectionNum=65302.&lawCode=GOV | Cal. Gov’t Code §65583: https://leginfo.legislature.ca.gov/faces/codes_displaySection.xhtml?sectionNum=65583.&lawCode=GOV | Cal. Gov’t Code §65584(a), (b), (f): https://leginfo.legislature.ca.gov/faces/codes_displaySection.xhtml?sectionNum=65584.&lawCode=GOV | Cal. Gov’t Code §65585(b), (h)–(l): https://leginfo.legislature.ca.gov/faces/codes_displaySection.xhtml?sectionNum=65585.&lawCode=GOV | Cal. Gov’t Code §65400: https://leginfo.legislature.ca.gov/faces/codes_displaySection.xhtml?sectionNum=65400.&lawCode=GOV","Housing needs (required): Existing/projected need, household conditions, employment trends and special needs. | Income groups (required): Needs and programs across income levels; seventh-cycle additions include acutely low income households. | Land / sites inventory (required): Inventory of vacant and realistically redevelopable residential sites; relate zoning, services and fair housing to sites. | Land capacity (required): Identify adequate sites; rezone when inventory cannot accommodate assigned need. | Development constraints (required): Analyze governmental and market constraints and responses. | Fair housing (required): Fair-housing assessment, priorities, metrics and actions. | Preservation (required): At-risk assisted housing and preservation programs. | Action program (required): Scheduled actions, responsible officials and quantified objectives. | Monitoring (required): Annual progress report due April 1 covers housing-element implementation, regional-need progress, applications, approvals, entitlements, permits, occupancy and rezoned sites. Additional replacement/demolition reporting begins with the April 1, 2027 report."
2,TX,Texas,31709821,no_explicit_requirement,No express municipal housing element duty in Chapter 213. A municipality can include housing by local choice.,A municipality may adopt a comprehensive plan and determines its contents and its relationship to development regulations.,General municipal planning authority statewide; no population cutoff for a housing component appears in Chapter 213.,none_identified,Chapter 213 delegates plan contents to municipalities; it neither calculates statewide housing need nor apportions units to individual municipalities.,Chapter 213 provides public hearing and planning-department/commission review procedures for adopted plans; no housing-element certification or housing allocation enforcement appears there.,"Optional comprehensive planning is only one reason for this code: the operative content provisions themselves leave housing unspecified. This is not a conclusion about every HUD, land-bank, or housing-finance program.",2026-09-20,source_checked,,Tex. Loc. Gov’t Code §§ 213.001–.005: https://tcss.legis.texas.gov/resources/LG/pdf/LG.213.pdf,
3,FL,Florida,23462518,required_statewide,The comprehensive plan must contain a housing element.,Each local government must maintain a comprehensive plan; a new municipality must adopt one within three years of incorporation.,Incorporated municipalities and counties; no population cutoff for housing. The county plan controls a newly incorporated municipality until its own plan is adopted.,local_assessment,"Local housing-needs analysis derives household projections by income, size and age from population projections. State demographic data and a county-proportional growth floor constrain planning, but the reviewed sections do not allocate regional housing-unit need to each municipality.","The plan must specify monitoring and implementation procedures. This inventory codes planning duties, not a guarantee of housing construction.",Housing-unit needs are locally analyzed; the state population-projection framework is not California's income-specific municipal allocation system.,2026-09-20,source_checked,,"Fla. Stat. §163.3167(1)–(3): https://www.flsenate.gov/Laws/Statutes/2026/163.3167 | Fla. Stat. §163.3177(1)(d), (1)(f), (6)(f): https://www.flsenate.gov/Laws/Statutes/2026/163.3177","Housing needs (required): Housing stock, condition, tenure, costs and cost burdens; projected households and minimum current/future housing need. | Income groups (required): Adequate sites for workforce, very-low-, low- and moderate-income housing and special housing types. | Preservation (required): Substandard conditions, rehabilitation, historic housing and preservation of affordability. | Action program (required): Housing programs; partnerships, streamlined permitting and reduced affordable-housing costs/delays. | Other content (required): Adequate future housing sites and infrastructure are required, but this is not an express parcel-by-parcel sites inventory."
4,NY,New York,20002427,encouraged,"Existing housing resources and future housing needs, including affordable housing, are expressly optional plan topics.","General city, town and village enabling statutes expressly encourage, but do not require, preparation and adoption of a comprehensive plan.","General City Law §28-a applies to cities with population no greater than one million and excludes New York City. Town Law §272-a and Village Law §7-722 apply to those municipal types. NYC's local charter planning is a separate regime, not a general statewide housing-element mandate.",none_identified,"The reviewed city, town and village planning statutes do not assign municipal housing-unit need. They permit consideration of regional needs and local housing resources.","Once adopted, municipal land-use regulations must accord with the plan; adoption also triggers procedural review. These effects do not make the optional housing topic mandatory.",A mandatory zoning-consistency rule is different from a duty to adopt a housing element. S2084 remained in Assembly committee when checked.,2026-09-20,source_checked,NYC's special/local planning and fair-housing obligations are not exhaustively coded; the classification describes the state general municipal planning statutes.,"N.Y. General City Law §28-a(1), (2)(h), (4)(h), (12): https://www.nysenate.gov/legislation/laws/GCT/28-A | N.Y. Town Law §272-a(1)(h), (3)(h), (11): https://www.nysenate.gov/legislation/laws/TWN/272-A | N.Y. Village Law §7-722(1)(h), (3)(h), (11): https://www.nysenate.gov/legislation/laws/VIL/7-722 | N.Y. Senate S2084 (2025–2026) status: https://www.nysenate.gov/legislation/bills/2025/S2084","Housing needs (encouraged): Existing housing resources and future need, including affordability, may be included. | Action program (encouraged): Optional measures/programs to carry out plan objectives."
5,PA,Pennsylvania,13059432,required_if_plan,"A municipal, multimunicipal or county comprehensive plan must include a plan to meet present and anticipated residents' housing needs.",Municipalities governed by the Municipalities Planning Code may adopt a comprehensive plan. Counties have a separate adoption duty.,"Municipalities under the MPC: cities of second class A and third class, boroughs, incorporated towns and townships. The MPC does not govern first- and second-class cities (Philadelphia and Pittsburgh); their special regimes are outside this classification.",local_assessment,The MPC requires assessment of present and anticipated local residents. Joint plans may accommodate uses across the participating area; the reviewed MPC provisions do not create state-assigned municipal housing-need numbers.,Public adoption and county/neighbor consultation; plans generally guide decisions. Section 303(c) bars invalidating an action solely for inconsistency with the plan.,"The housing component is compulsory in an adopted comprehensive plan, while municipal plan adoption itself is generally permissive under the MPC.",2026-09-20,source_checked,Philadelphia and Pittsburgh's special planning laws have not been comprehensively reviewed; this row classifies the general MPC framework.,"Pennsylvania Municipalities Planning Code, Act 247 of 1968, §§301(a)(2.1), 301.2–301.4, 302, 303, 1103: https://www.legis.state.pa.us/WU01/LI/LI/US/HTM/1968/0/0247..HTM",Housing needs (required): Housing/demographic/economic studies and a plan for present/future housing needs. | Income groups (encouraged): Housing types and densities across incomes are listed as permissible means of addressing need. | Preservation (encouraged): Conservation of sound housing and rehabilitation of declining neighborhoods are illustrative optional measures. | Action program (required): Discuss short- and long-range implementation strategies.
6,IL,Illinois,12719141,required_subset,Non-exempt local governments must adopt an affordable housing plan. Newly non-exempt governments have 18 months after IHDA notification.,The Affordable Housing Planning and Appeal Act imposes a separate affordable housing plan regardless of whether the municipality elects a comprehensive plan.,"Municipalities with population at least 1,000 and less than 10% affordable year-round housing, as determined by IHDA; counties also covered. Municipalities under 1,000 or with at least 10% affordable housing are exempt.",capacity_target,"IHDA calculates existing affordable-stock percentages. The plan selects one or more statutory goals: 15% of new development/redevelopment affordable, a 5-percentage-point increase in affordable stock, or 10% overall affordable stock. These are uniform statutory benchmarks with local choice, not an allocation of regional housing need to cities.","IHDA determines substantial compliance and notifies violations; the Attorney General may seek mandamus, injunction, or other relief. Section 30 also provides affordable-development appeals. These mechanisms do not guarantee unit production.",The Act’s encouragement language in its purpose does not make the non-exempt-government duty optional. Its 10% exemption threshold and alternative goals are not California-style regional need allocation.,2026-09-20,source_checked,,"310 ILCS 67/25: https://ilga.gov/Documents/legislation/ilcs/documents/031000670K25.htm | 310 ILCS 67/15, /20, /30, /70: https://www.ilga.gov/Legislation/ILCS/Articles?ActID=2477&ChapterID=29 | Illinois HB5198 (104th General Assembly), bill status: https://www.ilga.gov/Legislation/BillStatus?DocNum=5198&DocTypeID=HB&GAID=18&LegId=166836&Print=1&SessionID=114 | IHDA, Affordable Housing Planning and Appeal Act: https://www.ihda.org/about-ihda/ahpaa/","Housing needs (required): State the affordable units needed to reach exempt status. | Income groups (required): Affordability calculations distinguish owner units affordable below 80% and rental units below 60% of median household income in the county or primary metropolitan statistical area. | Land / sites inventory (required): Identify suitable land for affordable construction and structures suitable for conversion or rehabilitation; consider ownership/rental, committed developers, and public or semi-public sites. Not the detailed California parcel-capacity protocol. | Development constraints (required): Describe market conditions, infrastructure limits, ordinances and policies constraining affordable housing; devise mitigation strategies. | Fair housing (required): Constraints analysis includes policies or practices that fail to affirmatively further fair housing. | Action program (required): Identify incentives, choose statutory goal(s), and propose timelines for actions to commence within 24 months of adoption. | Monitoring (required): File the plan with IHDA within 60 days; implementation report no later than four years after adoption/update; prior plans require progress summaries."
7,OH,Ohio,11900510,no_explicit_requirement,"The reviewed municipal planning statute does not expressly require a housing element, housing needs assessment, or equivalent citywide housing plan.","Section 713.01 authorizes cities and villages to establish commissions. Once established, § 713.02 directs the commission to make plans and maps.",General city/village planning-commission regime; no housing-specific population or geography trigger appears in §§ 713.01–.02. Local charter provisions may add duties.,none_identified,The enumerated planning duties and public-project review powers in § 713.02 do not allocate state or regional housing need to municipalities.,"The statute requires commission review of specified public projects after a plan exists, with legislative overrides. No housing-element compliance or assigned-unit enforcement mechanism is identified in these provisions.",A duty to make municipal plans is not itself a duty to prepare a housing element; a local housing strategy or federal consolidated plan is a different instrument.,2026-09-20,source_checked,,Ohio Rev. Code § 713.01: https://codes.ohio.gov/ohio-revised-code/section-713.01 | Ohio Rev. Code § 713.02: https://codes.ohio.gov/ohio-revised-code/section-713.02,
8,GA,Georgia,11302748,required_subset,Housing element required for HUD Community Development Block Grant Entitlement Communities; expressly optional and encouraged for other local governments.,A comprehensive plan is required to retain qualified-local-government certification and eligibility for selected state funding and permitting programs.,"The operative trigger is HUD CDBG entitlement-community status, not receipt of any federal grant. The standards operate within Georgia's qualified-local-government planning system; approved alternative planning requirements are possible.",local_assessment,Evaluate local housing-stock adequacy and current/future needs. The reviewed rules prescribe no state or regional assignment of a municipal housing-unit share.,Regional Commission and Department of Community Affairs review for conformity; certification determines eligibility for selected funding and permitting programs.,The required analysis inventories existing housing stock; it does not prescribe a parcel-level inventory of developable sites.,2026-09-20,source_checked,,Ga. Comp. R. & Regs. 110-12-1-.02; -.03(9): https://rules.sos.ga.gov/gac/110-12-1,"Housing needs (required): Evaluate housing mix, condition, occupancy, costs, cost-burdened households and jobs–housing balance. | Income groups (required): Affordability/cost burdens, special populations and housing across the life cycle. | Action program (required): Integrate housing-related goals, needs/opportunities and work-program actions into the comprehensive plan even when using a Consolidated Plan analysis."
9,NC,North Carolina,11197968,encouraged,Housing plans and a comprehensive-plan topic covering diverse housing types and affordability are expressly optional under the general enabling statute.,A local government must adopt and reasonably maintain a comprehensive or land-use plan as a condition of exercising zoning authority.,General framework applies to local governments exercising Chapter 160D zoning authority; no population trigger for the optional housing topic. Coastal CAMA land-use planning has additional rules and is treated separately in the caveat.,none_identified,The reviewed general planning statute creates no state/regional allocation of municipal housing-unit need.,"Adoption is a condition of zoning authority. Plans are advisory without independent regulatory effect, and must be considered when amending zoning.",Mandatory adoption of some plan does not make every suggested topic mandatory. Coastal land-use rules additionally require housing-stock information; stock description is not a housing-needs allocation.,2026-09-20,source_checked,The official coastal-rule server could not be fully retrieved. Secondary indexed text of 15A NCAC 07B .0702 identifies mandatory coastal-plan housing-stock estimates; this has not been elevated to a source-checked housing-element mandate.,"N.C. Gen. Stat. §160D-501(a)–(c), §160D-503: https://www.ncleg.gov/EnactedLegislation/Statutes/HTML/ByArticle/Chapter_160D/Article_5.html",Income groups (encouraged): A plan may address housing types and affordability for all household types and income levels. | Housing needs (encouraged): Optional separate housing plan and general needs analysis.
10,MI,Michigan,10127884,required_if_plan,"Master plans must include an assessment of existing and forecast housing demands, with responsive strategies and policies, among subjects reasonably pertinent to future development. This express housing provision took effect April 2, 2025.","The Planning Enabling Act authorizes a local government to adopt a master plan and create a planning commission; once constituted, the commission shall make and approve a plan. This is not a universal municipal housing-element mandate.",No population cutoff in the housing provision. Applies through the master-plan framework and its pertinence qualification. Plans carried forward from repealed planning acts are exempt from §33 contents until first amended under the 2008 act.,local_assessment,The statute calls for an assessment of the community's own housing demands. No state or regional assignment of municipal unit needs was identified in the reviewed Planning Enabling Act.,"The act prescribes plan adoption, intergovernmental notice and periodic review. No housing-specific state certification, assigned unit quota or housing-production sanction was identified in this act.",Michigan now expressly requires a housing-demand assessment in applicable master plans; a claim that its planning act is silent on housing misses the 2025-effective amendment.,2026-09-20,source_checked,,"Mich. Comp. Laws §§ 125.3807, .3811, .3831, .3833(2)(e), .3845(2), .3881(1): https://www.legislature.mi.gov/documents/mcl/pdf/mcl-Act-33-of-2008.pdf","Housing needs (required): Assess existing and forecast community housing demands, subject to the statutory pertinence qualification. | Action program (required): Strategies and policies to address those demands; the plan also includes implementation recommendations. | Monitoring (required): Review the master plan at least every five years and record whether amendment or replacement should begin; this is plan review rather than a housing-production reporting duty."
11,NJ,New Jersey,9548215,required_subset,Municipalities exercising ordinary zoning authority need a housing plan element; municipalities using the statutory fair-share compliance process must adopt the element and fair share plan on the statutory schedule.,"A housing element is a prerequisite to ordinary municipal zoning under the MLUL. The Fair Housing Act provides a housing-element/fair-share-plan process for obtaining protection against exclusionary-zoning suits; participation in that compliance process is voluntary, while the underlying fair-share obligation is not.","No housing-element population cutoff. Statewide fair-share obligations, with qualified urban-aid municipalities exempt from prospective need (not automatically from present need). Urban-aid eligibility requires designated state aid plus deficient-housing ratio above the regional ratio, density above 10,000/square mile, or density above 6,000 but below 10,000 and a statutory vacant-parcel measure below 5%.",state_or_regional,"Yes: regional low/moderate-income prospective need is allocated by a statutory average of nonresidential-valuation, income-capacity and land-capacity factors. DCA publishes nonbinding municipal calculations; municipal binding resolutions and the court/dispute process establish obligations. The duty is a realistic opportunity for housing, not municipal construction.",Compliance certification and court/dispute review; missed requirements can remove immunity from exclusionary-zoning litigation. DCA monitors units and trust funds; new monitoring rules took effect in December 2025.,"DCA numbers are guidance, but the statutory regional fair-share formula and enforceable obligation remain. Opting out of the administrative compliance process does not erase the obligation.",2026-09-20,source_checked,The current NJ legislature statute viewer failed; the MLUL zoning prerequisite is documented by an adopted municipal plan on an official state server. The 2024 Fair Housing Act itself was directly reviewed.,"N.J. P.L.2024, c.2; N.J.S.A.52:27D-304.1–304.3, -310, -310.1, -311, -329.1: https://pub.njleg.state.nj.us/Bills/2024/PL24/2_.HTM | N.J. DCA, 2025–2035 Affordable Housing Calculations: https://nj.gov/dca/dlps/4th_Round_Numbers.shtml | N.J. DCA, Fair Share Plan Preparation and Model Documents: https://www.nj.gov/dca/dlps/hss/planresources.shtml | N.J. DCA, Fair Housing Act Administration: https://nj.gov/dca/dlps/hss/ | Berlin Township, adopted 2023 Master Plan Reexamination, explaining N.J.S.A.40:55D-62: https://www.nj.gov/pinelands/home/hearings/documents/BT%202023%20MP%20Reex%20Report_adopted.pdf","Housing needs (required): Housing-stock inventory and ten-year projection; household demographics and employment. | Income groups (required): Present/prospective low- and moderate-income fair share; very-low-income requirements apply within the affordable program. | Land / sites inventory (required): Consider land suitable for affordable construction and structures for conversion/rehabilitation, including committed developers' land. | Land capacity (required): Assess capacity to accommodate present/prospective need; special redevelopment analysis when claiming a vacant-land adjustment. | Development constraints (required): Evaluate ordinances/local factors affecting multigenerational family continuity. | Action program (required): Realistic-opportunity demonstration, implementing ordinances, prior-round obligations and trust-fund spending plan where applicable. | Monitoring (required): State reporting of affordable units and municipal trust funds."
12,VA,Virginia,8880107,required_statewide,The plan must designate areas and implementation measures for affordable housing sufficient for current and future residents across income levels.,Every local governing body must adopt a comprehensive plan.,"All localities, including cities and towns; no housing-component population cutoff. Population triggers for other topics, such as transit-oriented development, do not narrow this duty.",local_assessment,Local need must be addressed while considering the planning district's needs. The reviewed provisions assign no externally calculated municipal unit share.,Statutory preparation/adoption and five-year review duties. No housing-specific state certification or municipal construction quota is created by the cited provisions.,A functional affordable-housing component is mandatory even though the statute does not call it a separate housing element.,2026-09-20,source_checked,,"Va. Code §15.2-2223(A), (D): https://law.lis.virginia.gov/vacode/title15.2/chapter22/section15.2-2223/ | Va. Code §15.2-2223.5: https://law.lis.virginia.gov/vacode/title15.2/chapter22/section15.2-2223.5/ | Va. Code §15.2-2230: https://law.lis.virginia.gov/vacode/title15.2/chapter22/section15.2-2230/","Housing needs (required): Current and future local housing need; planning-district context. | Income groups (required): Residents at all income levels. | Preservation (required): Construction, rehabilitation and maintenance of affordable housing. | Action program (required): Designate areas and implementation measures; area designation is not an express parcel inventory. | Other content (required): At plan amendments after July 1, 2021, incorporate strategies promoting manufactured housing as affordable housing. | Monitoring (required): Review the comprehensive plan at least every five years to determine whether to amend."
13,WA,Washington,8001020,required_subset,A mandatory housing element applies to every jurisdiction required or choosing to plan under RCW36.70A.040.,Counties fully planning under the Growth Management Act and every city within them must adopt comprehensive plans; counties can also opt into that system.,"County-based trigger, not city size: county population ≥50,000 with >17% growth over ten years (historically >10% before May16,1995), or >20% growth regardless of size; all its cities follow. Prior qualifying status persists. Opt-in counties are covered, subject to statutory historical withdrawal exceptions; qualifying counties below50,000 may exercise the specified timely opt-out.",state_or_regional,Commerce supplies countywide need projections by income and special housing category. Counties coordinate city/town shares through countywide planning; WAC365-196-410 requires consistent public allocations whose sum covers countywide need. Applicable fully planning municipalities must show sufficient capacity for their assigned need.,GMA compliance includes plan/development-regulation review. The 2025 Housing Accountability Act adds Commerce selected/voluntary housing reviews; noncompliance can restrict denials of affordable/moderate-income projects and eligibility for state funding.,"State projections are allocated through county/city coordination, not a single state formula that directly fixes every city's share. Land-capacity analysis is explicit; no universal California-style parcel schedule is coded from these provisions.",2026-09-20,source_checked,,"Wash. Rev. Code §36.70A.040(1)–(5): https://app.leg.wa.gov/rcw/default.aspx?cite=36.70A.040 | Wash. Rev. Code §36.70A.070(2): https://app.leg.wa.gov/rcw/default.aspx?cite=36.70A.070 | Wash. Admin. Code365-196-410(2)(c)–(d): https://app.leg.wa.gov/wac/default.aspx?cite=365-196-410 | Commerce, Updating GMA Housing Elements: https://www.commerce.wa.gov/growth-management/housing-planning/housing-guidance/ | Commerce, Housing Accountability Act: https://www.commerce.wa.gov/growth-management/housing-planning/housing-accountability-act/","Housing needs (required): Inventory and analyze existing/projected housing needs, including emergency and supportive housing. | Income groups (required): Moderate, low, very low and extremely low income housing needs. | Land capacity (required): Sufficient land capacity for housing types and incomes; compare zoned capacity to allocation. | Development constraints (required): Identify regulatory barriers, funding gaps and needed actions. | Fair housing (required): Analyze and address racially disparate impacts, exclusion, displacement and displacement risk. | Preservation (required): Goals and mandatory provisions for housing preservation and improvement. | Action program (required): Programs/actions and anti-displacement policies."
14,AZ,Arizona,7623818,required_subset,"Cities of at least 50,000 must include a housing element. Separately, nontribal municipalities of at least 30,000 must publish housing needs assessments and an annual plan to address identified needs.",Each municipality must adopt a comprehensive long-range general plan (§9-461.05(A)).,"Housing element: cities ≥50,000; optional below that threshold. Separate assessment/report: municipalities ≥30,000, excluding municipalities on tribal land; five-year assessments and annual reports began January 1, 2025.",local_assessment,"Municipalities estimate additional rental/ownership need using population, jobs, existing deficits and income levels. The reviewed statutes supply no externally assigned municipal share; §9-469(E) expressly disclaims a duty to fulfill projections.",Annual housing reports go to Arizona Department of Housing for compilation and legislative/executive transmission. §9-469(E) does not require actual fulfillment of projected need.,"Two thresholds: 50,000 for the named element, 30,000 for the separate planning/reporting duty. Adequate sites and aggregate zoned acreage do not establish a California-style parcel inventory.",2026-09-20,source_checked,,"Ariz. Rev. Stat. §9-461.05(A), (E)(6): https://www.azleg.gov/ars/9/00461-05.htm | Ariz. Rev. Stat. §9-469: https://www.azleg.gov/ars/9/00469.htm","Housing needs (required): Existing/forecasted needs in the element; five-year population/jobs and additional-unit needs in the separate assessment. | Income groups (required): Element addresses every economic segment; assessment covers needs across incomes. | Land capacity (required): Housing element requires provision of adequate sites; no express parcel inventory in the cited provisions. | Preservation (required): Standards/programs to eliminate substandard conditions and improve housing quality. | Fair housing (required): Equal provision regardless of race, color, creed or economic level. | Action program (required): Annual report includes a plan for satisfying identified additional-unit needs. | Monitoring (required): Report development applications, approvals and production stages, plus progress. | Other content (required): Separate assessment reports aggregate residentially zoned land by single-family/multifamily; this is not a developable-sites inventory."
15,TN,Tennessee,7315076,encouraged,Housing is expressly optional in the separate countywide growth plan under § 6-58-107(d); subsection (e)(8) states a housing-choice and affordability objective. The municipal general-plan provision does not add a required housing element.,"An established municipal commission has the general-plan duty stated in § 13-4-201. Separately, Chapter 58 requires a countywide growth plan and consistent local land-use decisions.",General municipal planning commissions plus the separate countywide growth-plan framework; no housing-element population cutoff identified. Private/special municipal planning acts may add requirements.,none_identified,Future growth and affordability are planning objectives; the reviewed provisions do not assign state or regional housing-unit shares to municipalities.,Section 6-58-107 requires local land-use decisions to be consistent with an approved growth plan. Neither that section nor § 13-4-201 supplies a housing-element certification or assigned-unit enforcement system.,"Tennessee’s affordability objective should not disappear from a negative coding. The statute expressly makes substantive housing treatment optional, and the TACIR staff report explains that distinction; this is not a finding of no housing-related policy in state law.",2026-09-20,needs_review,"Current official annotated-code section text was not extracted; a final current official text check should confirm the 2025 mirror before publication as independently validated law. | The growth-plan affordability objective is a policy requirement, while the detailed housing element is optional. This classification uses the latter as the comparable municipal housing-element measure.","Tenn. Code Ann. § 13-4-201 (2025 mirror): https://law.justia.com/codes/tennessee/title-13/chapter-4/part-2/section-13-4-201/ | Tenn. Code Ann. § 6-58-107 (2025 mirror): https://law.justia.com/codes/tennessee/title-6/municipal-government-generally/chapter-58/section-6-58-107/ | TACIR staff, Land Use and Planning in Tennessee (February 2011): https://www.tn.gov/content/dam/tn/tacir/documents/LandUseAndPlanning.pdf | University of Tennessee MTAS, Municipal Planning Commissions: https://www.mtas.tennessee.edu/reference/municipal-planning-commissions",
16,MA,Massachusetts,7154084,required_subset,Section 81D master plans must include a housing element. A separate Chapter 40B Housing Production Plan is an optional route to permit-appeal safe harbor.,"A planning board established under Chapter 41 §81A shall make a master plan, which may cover the city/town or parts the board considers advisable.","Section 81D applies to §81A planning boards. Section 81A permits cities except Boston and towns to establish boards; towns reaching 10,000 inhabitants without a planning board must establish one. A town below 10,000 may authorize selectmen to act as the planning board. Boston is outside this general-law framework.",capacity_target,"The master-plan housing assessment is local. Separate MBTA Communities law requires qualifying as-of-right multifamily districts; Chapter 40B HPP certification uses a 0.5% annual subsidized-housing benchmark based on existing stock. These are zoning/production benchmarks, not an assignment of regional housing need to every municipality.",Section 81D requires public-record plans and submission to the state housing office but sets no fixed adoption deadline. HPP safe harbor requires state approval and certification of production; MBTA noncompliance affects specified state funding.,"Do not equate the master-plan housing element, optional 40B HPP, or mandatory MBTA multifamily zoning. They are distinct legal mechanisms.",2026-09-20,source_checked,,"Mass. Gen. Laws ch.41, §81A: https://malegislature.gov/Laws/GeneralLaws/PartI/TitleVII/Chapter41/Section81A | Mass. Gen. Laws ch.41, §81D: https://malegislature.gov/Laws/GeneralLaws/PartI/TitleVII/Chapter41/Section81D | Mass. Gen. Laws ch.40A, §3A: https://malegislature.gov/Laws/GeneralLaws/PartI/TitleVII/Chapter40A/Section3A | Massachusetts EOHLC, Chapter 40B Housing Production Plan (760 CMR 56.03(4)): https://www.mass.gov/info-details/chapter-40b-housing-production-plan","Housing needs (required): Identify/analyze existing and forecast housing needs and objectives. | Preservation (required): Programs to preserve, improve and develop housing. | Action program (required): Policies for balanced local housing opportunities; schedule actions and regulatory changes needed to implement the plan."
17,IN,Indiana,6973333,no_explicit_requirement,No express housing element in the reviewed general-plan requirements. HEA1001 (2026) separately requires a housing-oriented review of development regulations and housing reports; those duties are not a forward-looking housing-needs plan.,A plan commission prepares a comprehensive plan under §36-7-4-501. A locality exercising planning/zoning powers uses this statutory framework; no zoning ordinance may be adopted before a comprehensive plan is approved.,"General local planning framework; no housing-element population cutoff because no express element was found. New regulatory review covers counties, cities and towns. Housing-progress reporting applies to units exercising planning/zoning; housing-status reporting covers all counties, cities and towns.",none_identified,Neither the reviewed general-plan provisions nor 2026 HEA1001 assigns municipalities quantified regional housing need. New state reporting compiles outcomes and regional comparisons; it does not distribute a building obligation.,"A comprehensive plan is a zoning prerequisite. HEA1001 requires a public regulatory-review hearing and report by January 1, 2027, plus annual housing reports beginning 2027. IHCDA's September 2026 guidance implements the one-time report by December 31, 2026 and annual reporting by January 31. These are adjacent review/reporting duties, not housing-element certification.","No express housing element does not mean no housing duties: HEA1001 mandates review of density, housing types, approvals and other housing reforms, and reports on local housing outcomes. It does not require adopting every reform or a California-style allocation.",2026-09-20,source_checked,"Official current IGA code and enrolled-PDF endpoints returned an application shell. General statutory text was checked through a 2025 official municipal reproduction and 2025 mirrors, with HEA1001/SEA285 separately checked against enrolled text and official enactment status. A direct current-code verification remains desirable. | The classification excludes one-time regulatory review and backward-looking housing data reports from the definition of a housing element/equivalent needs plan. Those mandatory adjacent duties are described explicitly.","Ind. Code §§36-7-4-501–503, reproduced in New Harmony Comprehensive Plan: https://www.in.gov/towns/newharmony/files/New-Harmony-Comprehensive-Plan-compressed.pdf | Ind. Code §36-7-4-502 (2025 mirror): https://law.justia.com/codes/indiana/title-36/article-7/chapter-4/section-36-7-4-502/ | Ind. Code §36-7-4-201 (2025 mirror): https://law.justia.com/codes/indiana/title-36/article-7/chapter-4/section-36-7-4-201/ | Ind. Code §36-7-4-601(a) (2025 mirror): https://law.justia.com/codes/indiana/title-36/article-7/chapter-4/section-36-7-4-601/ | Indiana HEA1001 (2026), §§2–3,19,25: https://billtexts.s3.amazonaws.com/_data/in/https-iga-in-gov-pdf-documents-124-2026-house-bills-HB1001-HB1001-06-ENRS-pdf.pdf | Indiana Governor, 2026 Bill Watch: https://www.in.gov/gov/newsroom/2026-bill-watch/ | IHCDA RED Notice 26-43, House Enrolled Act 1001 Reporting: https://www.in.gov/ihcda/files/RED-Notice-26-43-House-Enrolled-Act-1001-Reporting.pdf | Indiana SEA285 (2026), §§1–5: https://legiscan.com/IN/text/SB0285/id/3378088/Indiana-2026-SB0285-Enrolled.pdf",
18,MO,Missouri,6270541,no_explicit_requirement,No express housing-element requirement in the reviewed city-plan provisions. Blighted-area replanning is an optional listed subject.,Municipalities may undertake city planning and appoint a commission; an appointed statutory commission shall make/adopt the city plan.,General municipal authorization in §§ 89.310–.340; no housing-specific population cutoff or mandatory municipal housing-plan class appears there.,none_identified,Section 89.340 supplies physical-development and optional zoning-plan authority; it creates neither a municipal fair-share calculation nor a regional allocation of needed units.,No state housing-element review or housing allocation enforcement appears in the reviewed sections. The plan is a commission recommendation for physical development.,"Do not treat optional blight/slum replanning, or an introduced bill proposing a housing element, as an enacted citywide housing-needs duty.",2026-09-20,source_checked,,Mo. Rev. Stat. § 89.310: https://revisor.mo.gov/main/OneSection.aspx?section=89.310 | Mo. Rev. Stat. § 89.340: https://revisor.mo.gov/main/OneSection.aspx?section=89.340,
19,MD,Maryland,6265347,required_statewide,"Housing element mandatory. As of the check date, it must address affordable housing need, including workforce and low-income housing, and applicable fair-housing assessment.",Local jurisdictions must adopt and execute a comprehensive plan; a municipality may participate in an approved county plan.,Municipal corporations and counties; no population cutoff. Municipal participation in a county plan is allowed by mutual resolutions. Charter counties have parallel housing-element duties.,local_assessment,Housing need is assessed within the local jurisdiction. Neither the operative housing provision nor the enacted October 2026 replacement establishes municipal numerical shares of regional housing need.,Mandatory plan content; state technical assistance. The fair-housing subsection expressly does not prescribe or prohibit a specific local action.,"HB243/Chapter 110 is enacted but takes effect October 1, 2026. Do not apply its expanded site/supply requirements before that date.",2026-09-20,source_checked,,"Md. Code, Land Use §3-101: https://mgaleg.maryland.gov/mgawebsite/Laws/StatuteText?article=glu&enactments=false&section=3-101 | Md. Code, Land Use §3-102(a)(1)(iv): https://mgaleg.maryland.gov/mgawebsite/Laws/StatuteText?article=glu&enactments=false&section=3-102 | Md. Code, Land Use §3-114: https://mgaleg.maryland.gov/mgawebsite/Laws/StatuteText?article=glu&enactments=false&section=3-114 | Maryland Department of Planning, Housing Planning: https://planning.maryland.gov/Pages/OurWork/PBP/housing-element-mg/housing-planning.aspx | 2026 Md. Laws ch.110 (HB243), new Land Use §3-105 and effective-date clause: https://mgaleg.maryland.gov/2026RS/Chapters_noln/CH_110_hb0243t.pdf | Maryland General Assembly, HB243 (2026) status: https://mgaleg.maryland.gov/mgawebsite/Legislation/Details/HB0243?ys=2026RS | Md. Code, Land Use §1-407.1: https://mgaleg.maryland.gov/mgawebsite/Laws/StatuteText?article=glu&enactments=false&section=1-407.1","Housing needs (required): Address the jurisdiction's affordable housing need. | Income groups (required): Workforce and low-income housing; low-income defined as below 60% of area median income. | Fair housing (required): Fair-housing assessment at plan enactment/amendment from January 1, 2023 under §3-114; January 1, 2025 for charter counties under §1-407.1. | Other content (conditional): ENACTED FUTURE: October 1, 2026 replacement §3-105 adds housing stock characteristics, adequate supply for current/future residents, substandard conditions and adequate future housing sites; not an express parcel inventory."
20,CO,Colorado,6012561,required_subset,"Covered local governments must complete a housing-needs assessment by December 31, 2026 and a narrower subset must adopt a responsive housing action plan by January 1, 2028; both repeat at least every six years.","The housing-needs assessment and housing action plan are separate statutory planning duties under Title24, part37, linked to the territory covered by local master plans.","Assessment: local governments with population at least 1,000, excluding those whose most recent decennial census population fell at least 1%, unless they receive DOLA assessment funding; a timely regional assessment substitutes. Action plan: population at least 5,000, or at least 1,000 if participating in a regional assessment or qualifying as a rural resort community as of January 1, 2024; the same 1% decline exemption applies. Population is measured two years before the relevant deadline; counties count only unincorporated population. Rural-resort communities include municipalities in counties so classified by the state. Qualifying early-2024 plans receive a five-year transition.",regional_subset,"Optional regional assessments estimate a municipal allocation of regional housing need based on jobs and dependence on regional employment, among other factors. A local action plan must explain how it addresses any applicable regional allocation. Outside that pathway, the locality assesses its own need under state methodology and incorporates applicable state/regional needs as appropriate. This is a conditional regional planning allocation, not a statewide RHNA schedule or a construction quota.","DOLA must reject assessments or plans lacking statutory components and reviews three-year implementation reports. Starting December 1, 2027 specified land-use/housing grant programs prioritize compliant jurisdictions, treating exempt jurisdictions as compliant. The provisions require planning and strategy review, not completion of an assigned construction count.","Colorado is more than a zoning-strategy menu: participating regional assessments estimate municipal need allocations. That pathway is optional, while the size-based assessment and action-plan duties have approaching statutory deadlines.",2026-09-20,source_checked,,"Colo. Rev. Stat. §§24-32-3702–3706, 24-32-3710 (2026): https://olls.info/crs/crs2026-title-24.htm | Colo. Rev. Stat. §§29-32-101(10), 29-4-1107(1)(d): https://olls.info/crs/crs2026-title-29.htm","Housing needs (required): Estimate housing stock and need, households, jobs by pay, displacement risk, with consideration of shortages/surpluses, vacancy, homelessness, job–housing balance and state demographic projections. | Income groups (required): Sort need by income and dwelling type, including accessible, supportive, ownership and rental housing. Baseline categories include extremely low, very low, low, moderate and middle income. | Land capacity (required): Action plans assess existing zoning/density effects on the number and type of needed homes and opportunities for higher-density affordable housing near major transit. | Development constraints (required): Assess housing-market limitations and zoning/density effects; action plans identify recommended local-law changes. | Preservation (required): Action plans choose goals and strategies for production and preservation of affordable and regulated affordable housing. | Action program (required): Action plans select at least two standard affordability strategies, one long-term strategy and a suitable displacement strategy; include a plan for legislative consideration and an inclusive engagement process. | Monitoring (required): Plan includes available six-year construction/permitting history. Three years after adoption report actual strategy/law adoption or a good-faith effort with alternatives; repeat assessment and plan at least every six years. | Other content (required): Analyze areas or communities at elevated displacement risk and plan mitigation. These obligations do not expressly require a parcel-by-parcel available-land inventory."
21,WI,Wisconsin,5972787,required_subset,"The comprehensive plan must include a housing element addressing existing and forecast demand, housing stock and policies for housing choice, lower-income land availability and preservation.","A comprehensive plan is required for local governments enacting or amending the listed zoning, subdivision or official-mapping ordinances. City plan commissions have a master-plan function; the nine-element requirement is linked to these regulatory actions. A voluntarily adopted comprehensive plan also must contain all nine elements.","Cities, villages and towns using the land-use regulatory powers listed in §66.1001(3), with no population cutoff. The consistency requirement began January 1, 2010; §(3m) preserves historic grant-related extensions, including the now-expired January 1, 2012 exception and extensions lasting until their grant deadline.",local_assessment,The element addresses the locality's existing and forecast housing demand. No externally assigned municipal housing-unit need appears in the reviewed provisions; regional comprehensive plans are expressly advisory to local governments under §66.1001(5).,"Listed regulatory enactments and amendments must be consistent with the comprehensive plan; plan adoption requires all nine elements, public participation and a hearing. No state housing-element certification or municipal unit allocation was found in these provisions.","The duty is tied to comprehensive planning and specified land-use powers, not a population-based universal housing quota. Enacted 2025 Act 173 changes city/village residential land and density planning and consistency rules beginning January 1, 2028; those future provisions are not treated as current inventory requirements.",2026-09-20,source_checked,,Wis. Stat. §66.1001(1)–(3): https://docs.legis.wisconsin.gov/document/statutes/66.1001 | Wis. Stat. §66.1001(3m)–(5): https://docs.legis.wisconsin.gov/statutes/statutes/66/x/1001/3m | Wis. Stat. §62.23(2)–(3): https://docs.legis.wisconsin.gov/document/statutes/62.23,"Housing needs (required): Assess existing and forecast housing demand and stock age, structure, value and occupancy. | Income groups (required): Policies and programs must serve all income levels and age groups and persons with special needs. | Preservation (required): Policies and programs to maintain or rehabilitate existing housing stock. | Action program (required): Identify housing programs, including policies promoting land availability for low- and moderate-income development or redevelopment; the plan's implementation element sequences actions. | Monitoring (required): The implementation element must describe how progress will be measured; update the comprehensive plan at least once every ten years. | Other content (required): The separate land-use element assesses land supply, demand, density and redevelopment, with 20-year projections in five-year increments and land-use maps. This is not coded as a suitable-parcel housing inventory."
22,MN,Minnesota,5830405,required_subset,Metropolitan comprehensive plans must include a housing element and housing implementation program.,The Metropolitan Land Planning Act requires comprehensive plans and decennial review within the Metropolitan Council region. General municipal planning is governed separately by §462.355.,"Metropolitan Council territory: Anoka, Carver, Dakota (excluding Northfield and Cannon Falls), Hennepin (excluding Hanover and Rockford), Ramsey, Scott (excluding New Prague), and Washington counties. No municipal population cutoff. Housing-element duty extends to communities without forecast sewer-serviced growth, although allocation/capacity requirements do not.",regional_subset,"Met Council forecasts regional affordable-housing need and assigns shares to communities expecting sewer-serviced household growth. Plans must guide adequate land at qualifying densities, rather than guarantee production. Current 2021–2030 need and the 2031–2040 allocation for 2050 plans are distinct; the latter focuses on affordability at ≤30%, 31–50%, and 51–60% AMI.",Local plans go to Met Council before final approval. Local zoning and controls must conform to the comprehensive plan; Met Council reviews plans against metropolitan planning requirements.,"This is a metropolitan-region mandate with an affordable-need allocation, not a statewide requirement. Communities without forecast sewer-serviced growth still need a housing element but are exempt from allocation-dependent land requirements.",2026-09-20,source_checked,,"Minn. Stat. §473.859, subds.2(c),4(3): https://www.revisor.mn.gov/statutes/cite/473.859 | Minn. Stat. §473.858: https://www.revisor.mn.gov/statutes/cite/473.858 | Minn. Stat. §473.121, subd.2: https://www.revisor.mn.gov/statutes/cite/473.121 | Met Council, Allocation of Future Affordable Housing Need: https://metrocouncil.org/Housing/Planning/Affordable-Housing-Measures/Allocation-of-Affordable-Housing-NEED.aspx | Met Council, Imagine2050: Roles, responsibilities, and implementation: https://imagine2050.metrocouncil.org/reference-materials/housing/roles-responsibilities-and-implementation/ | Minn. Stat. §462.355, subds.1–3: https://www.revisor.mn.gov/statutes/cite/462.355","Housing needs (required): Existing and projected local/regional housing needs; 2050 guidance adds explicit analysis of existing community needs. | Income groups (required): Low/moderate income housing opportunities and the region's affordable-housing allocation. | Land capacity (conditional): Guide sufficient residential land at suitable density for allocated affordable need where sewer-serviced growth is forecast. | Action program (required): Housing implementation program using official controls, fiscal tools and sequenced actions. | Preservation (required): 2050 guidance includes maintenance/preservation and current housing needs within the implementation analysis."
23,SC,South Carolina,5570274,required_if_plan,Housing is a required comprehensive-plan element when a municipality undertakes the statutory comprehensive planning process.,Creating a local planning commission is optional. A statutory comprehensive plan must include the housing element; housing-element adoption is also a prerequisite to land-development regulations under § 6-29-1130(A).,"Municipalities/county planning jurisdictions using Chapter 29; no population cutoff. Plan elements may be adopted incrementally. Zoning requires at least land use; land-development regulations additionally require housing, community facilities, and priority investment elements.",local_assessment,The local commission inventories conditions and states needs/goals; it must consider regional conflicts. Chapter 29 does not assign quantified regional housing need to individual municipalities.,Local hearings/adoption and periodic review apply. Housing-element adoption is required before land-development regulations; the reviewed chapter has no state municipal-need allocation or housing-element certification agency.,"Housing is mandatory within the statutory plan, while state law does not compel every municipality to create that planning framework. Housing-stock inventory is not California’s developable-site inventory.",2026-09-20,source_checked,,"S.C. Code §§ 6-29-320, -340, -510, -530, -720, -1130: https://www.scstatehouse.gov/code/t06c029.php","Housing needs (required): Inventory existing housing location, type, age, condition, tenure and affordability; state needs and goals. This is housing-stock analysis, not a required parcel inventory. | Development constraints (required): Analyze unnecessary regulatory costs and market-based affordability incentives; solicit homebuilder, developer, contractor and housing-finance input. | Action program (required): Planning elements must have implementation strategies and time frames. | Monitoring (required): Review at least every five years and update the comprehensive plan including all elements at least every ten years."
24,AL,Alabama,5193088,no_explicit_requirement,No express housing element or citywide housing-needs component appears in the reviewed master-plan contents.,Municipalities may create a commission under § 11-52-2; an established commission has a master-plan duty under § 11-52-8.,General city/town planning framework statewide; no housing-specific population trigger in §§ 11-52-2 or -8.,none_identified,Section 11-52-8 enumerates physical-development and zoning recommendations without assigning housing need among municipalities. Section -9’s general attention to future growth is not municipal unit allocation.,General master-plan adoption and public-project review procedures exist. The reviewed sections contain no housing-element certification or assigned housing-unit enforcement.,An Alabama city may include housing in its own plan. That local choice does not make the subject a state-required housing element.,2026-09-20,needs_review,The legislature’s current code app returned a shell instead of § 11-52-8 text. A current official statewide text check remains desirable; the 2025 mirror and City of Mobile reproduction agree on the operative contents.,"Ala. Code §§ 11-52-2, -8 through -11 (municipally hosted reproduction): https://www.buildmobile.org/pdf/Title%2011%20Chapter%2052.pdf | Ala. Code § 11-52-8 (2025 mirror): https://law.justia.com/codes/alabama/title-11/title-2/chapter-52/article-1/section-11-52-8/ | Ala. Code § 11-52-2 (2025 mirror): https://law.justia.com/codes/alabama/title-11/title-2/chapter-52/article-1/section-11-52-2/ | City of Athens, Planning & Zoning Documents: https://athensalabama.us/498/Planning-Zoning-Documents",
25,LA,Louisiana,4618189,no_explicit_requirement,The reviewed municipal master-plan statutes do not require a citywide housing element. General public-housing layout and blight replanning are permissible subjects.,Municipalities may create a planning commission under § 33:102; the commission then shall prepare/adopt a master plan under § 33:106.,General statewide municipal regime plus the special Shreveport master-plan statute reviewed. No housing-specific population cutoff appears in those content provisions.,none_identified,Neither the general content statute nor the reviewed Shreveport provision identifies an external housing-need allocator or assigns municipal unit shares.,"No housing-element certification, housing production target, or housing-specific penalty appears in the reviewed master-plan provisions. General plan duties remain applicable to established commissions.",Public-housing layout is an optional physical-planning subject under § 33:106(B)(2); it does not require an inventory of all developable housing sites or a municipal needs assessment.,2026-09-20,source_checked,,La. Rev. Stat. § 33:102: https://www.legis.la.gov/legis/Law.aspx?d=88647 | La. Rev. Stat. § 33:106: https://www.legis.la.gov/Legis/Law.aspx?d=88652 | La. Rev. Stat. § 33:140.8: https://www.legis.la.gov/legis/Law.aspx?d=89202 | La. Rev. Stat. § 33:140.3: https://www.legis.la.gov/legis/Law.aspx?d=89174,
26,KY,Kentucky,4606864,encouraged,"Housing is expressly optional as an additional element under § 100.187(6), and expressly encouraged by state housing policy in § 198A.025(9).",The planning commission of each Chapter 100 planning unit must prepare a comprehensive plan.,Local planning commissions under Chapter 100 statewide; no population cutoff in the housing encouragement. The underlying plan duty attaches to established planning units.,none_identified,"The reviewed provisions encourage local housing planning without a municipal unit allocation. Section 198A.025 describes state housing-policy objectives, not an apportionment formula.","Core comprehensive-plan requirements remain applicable, but these provisions establish no penalty for omitting the expressly optional housing element.","Kentucky is an explicit encouragement case. The state-owned-land inventory mentioned in § 198A.025 is a state policy objective, not a required municipal housing-site inventory.",2026-09-20,source_checked,,Ky. Rev. Stat. § 100.187: https://apps.legislature.ky.gov/law/statutes/statute.aspx?id=26711 | Ky. Rev. Stat. § 100.183: https://apps.legislature.ky.gov/law/statutes/statute.aspx?id=26710 | Ky. Rev. Stat. § 198A.025: https://apps.legislature.ky.gov/law/statutes/statute.aspx?id=6926,
27,OR,Oregon,4273586,required_statewide,Goal 10 housing planning applies to all cities. Housing-capacity analyses and housing-production strategies impose expanded duties on designated jurisdictions.,All cities must plan for housing through comprehensive plans complying with Statewide Planning Goal 10.,"Basic duty: all cities. Expanded cycle generally applies at ≥10,000 population. ORS197A.015 also includes every Tillamook County city and Barview/Twin Rocks/Watseco, Cloverdale, Hebo, Neahkahnie, Neskowin, Netarts, Oceanside and Pacific City/Woods regardless of size, plus county jurisdiction over Metro urban unincorporated lands. Metro capacity cycle: six years; outside Metro: eight. Smaller cities also face inventory duties at specified plan reviews.",state_or_regional,"DAS allocates 20-year need to each city and a separate Metro-unincorporated allocation to each Metro county. Need is segmented at <30%, 30–<60%, 60–<80%, 80–<120%, and ≥120% median family income. Separate six-/eight-year production targets apply to expanded-duty jurisdictions; these are distinct from the universal need allocation.",DLCD reviews production strategies and may approve or remand them; its housing acceleration program tracks production and implementation for expanded jurisdictions.,"The 10,000 cutoff is not an exemption from housing planning or from allocation of 20-year need. Distinguish statewide need allocation from the separate production-target/strategy system.",2026-09-20,source_checked,,"OAR660-015-0000(10), Statewide Planning Goal10: https://www.oregon.gov/lcd/OP/Documents/goal10.pdf | Or. Rev. Stat. §§197A.015, .100, .270, .280, .335: https://www.oregonlegislature.gov/bills_laws/ors/ors197a.html | Or. Rev. Stat. §§184.453–.455: https://www.oregonlegislature.gov/bills_laws/ors/ors184.html | DLCD, Oregon’s Housing Planning Program: https://www.oregon.gov/lcd/Housing/Pages/Planning_Program.aspx","Housing needs (required): Needed housing over the planning period; expanded-duty jurisdictions add contextualized needs. | Income groups (required): State allocations disaggregate affordability brackets. | Land / sites inventory (required): Goal 10 requires buildable residential land inventory. §197A.270 requires identifiable lots/parcels, except infill/redevelopment land; expanded program adds development-ready mapping. | Land capacity (required): Determine whether buildable land accommodates 20-year need; detailed cyclic analyses for expanded-duty jurisdictions. | Development constraints (conditional): Production strategies consider market conditions and development barriers. | Fair housing (conditional): Expanded production strategies must promote fair housing. | Action program (conditional): Expanded jurisdictions adopt timed housing-production actions, normally within a year after capacity-analysis deadline. | Monitoring (conditional): Mid-cycle production-strategy evaluation and state acceleration program for expanded jurisdictions."
28,OK,Oklahoma,4123288,no_explicit_requirement,"No express citywide housing element, housing-needs inventory, or housing allocation is required by the reviewed general and large-city plan-content provisions.",General commissions are optional under § 45-101 and prepare plans under § 45-103. The additional large-city framework authorizes commissions with a master-plan duty under § 47-106.,"General municipal commissions plus the separate large-city regime reviewed. Section 47-101 opens with a population threshold of at least 200,000 by latest federal census (its municipality definition says over 200,000); that is a planning-regime threshold, not a housing-element trigger.",none_identified,Neither municipal physical planning nor regional coordination in the reviewed Title 11 provisions apportions housing-unit need among municipalities.,The reviewed provisions establish general planning duties; no dedicated housing-element certification or allocated-unit compliance requirement is identified.,"Plans for a municipality’s betterment as a place of residence and a zoning plan do not themselves require a housing-needs element. Population thresholds distinguish commission powers, not housing obligations.",2026-09-20,source_checked,,"Okla. Stat. tit. 11, § 45-101: https://www.oscn.net/applications/oscn/DeliverDocument.asp?CiteID=76537 | Okla. Stat. tit. 11, §§ 45-103, 46-103, 47-102: https://oksenate.gov/sites/default/files/2019-12/os11.pdf | Okla. Stat. tit. 11, § 47-101: https://www.oscn.net/applications/oscn/DeliverDocument.asp?CiteID=76545 | Okla. Stat. tit. 11, § 47-106: https://www.oscn.net/applications/oscn/DeliverDocument.asp?CiteID=76550 | Oklahoma HB1051, 60th Legislature, bill status: https://www.oklegislature.gov/BillInfo.aspx?Bill=hb1051&Session=2500 | Oklahoma HB1114, 60th Legislature, bill status: https://www.oklegislature.gov/BillInfo.aspx?Bill=hb1114&Session=2500",
29,CT,Connecticut,3688496,required_statewide,"New housing growth planning law effective January 1, 2026 replaces repealed §8-30j. First municipal/regional plans are due in 2028 or 2029, then every five years.",Each municipality must prepare a housing growth plan or elect to comply with its regional plan. It may be combined with a coinciding plan of conservation and development.,"All municipalities; no population cutoff. June 1, 2028: Capitol, Northeastern, Lower Connecticut River Valley, Northwest Hills and Southeastern regions. After June 1, 2028 but by June 1, 2029: South Central, Greater Bridgeport, Naugatuck Valley and Western regions. The lowest twenty municipalities by adjusted equalized net grand list per capita have preservation-focused plans and are excluded from recommended-goal allocation.",advisory_allocation,"Enacted framework, first targets pending: OPM sets state/regional growth targets by December 1, 2026; COGs recommend municipal affordable-unit shares by June 1, 2027, with OPM approval. Recommended goals are capped at 20% of occupied units. A municipality preparing its own plan may adopt a different goal with written reasons; this is an advisory allocation, not California-style binding need.","COG review, OPM approval limited to statutory conformity, and annual reporting. Late plans affect access to new §8-30g moratoria; growth-program awards depend on progress.","Legally enacted now, but initial plans and recommended shares are not yet due. Municipalities can explain departures from the recommended regional goal.",2026-09-20,source_checked,"OPM's implementation guidelines and first targets were not independently located in this review. Classification concerns the statutory framework, not completed implementation.","Conn. Gen. Stat. §§8-13aa–8-13dd (2026 Supp.): https://prdext3.cga.ct.gov/2026/sup/chap_124b.htm | Conn. Nov. Sp. Sess. P.A.25-1, §§4–7, 53: https://www.cga.ct.gov/2025/act/Pa/pdf/2025PA-00001-R00HB-08002SS1-PA.PDF | Southeastern Connecticut Council of Governments, SSPA25-1 implementation: https://secogct.gov/sspa-25-1-an-act-concerning-housing-growth | Conn. P.A.26-138, §3: https://www.cga.ct.gov/2026/ACT/PA/PDF/2026PA-00138-R00HB-05287-PA.PDF | Conn. P.A.26-129, §5: https://www.cga.ct.gov/2026/ACT/PA/PDF/2026PA-00129-R00HB-05521-PA.PDF","Land / sites inventory (required): Inventory developable land; identify practicable zones/parcels and maximum density for the affordable goal. | Land capacity (required): Identify infrastructure needs, including wastewater capacity. | Fair housing (required): Explain compliance with fair housing, choice and economic-diversity duties. | Action program (required): Housing diversity, disability accessibility, consistency with other plans, and implementation schedule. | Monitoring (required): Annual progress reports after plan approval. | Preservation (conditional): Lowest twenty wealth-measure municipalities prioritize existing affordability, rehabilitation, displacement prevention and infrastructure."
30,UT,Utah,3538904,required_subset,Specified municipalities must include a moderate-income housing element meeting §10-21-201. Other municipalities are encouraged to address moderate-income housing.,"Each municipality must prepare and adopt a comprehensive, long-range general plan under §10-20-401.","Cities of the first through fourth classes (population at least 10,000), plus fifth-class cities with population at least 5,000 in first-, second- or third-class counties (county population at least 40,000). A municipality newly qualifying as of January 1 must amend its plan by August 1 that year. Fixed-guideway public-transit stations trigger additional strategy requirements.",local_assessment,"The municipality analyzes how it will give a realistic opportunity to meet additional moderate-income housing needs during the next five years. The reviewed provisions prescribe strategy menus and implementation duties, not an externally allocated regional unit share.",State review determines compliance and allows cure and appeal. Noncompliance can cause specified transportation-funding ineligibility and daily fees; the statute also authorizes injunctive enforcement. The 2026 reporting pause preserves qualifying 2025 compliance; normal implementation reporting resumes in 2027.,"This is a mandatory planning-and-strategy system for a population-defined subset, not a California-style assigned unit obligation. The 2025 recodification and July 2026 amendments make older §10-9a citations and older strategy counts incomplete.",2026-09-20,source_checked,,"Utah Code §10-20-401: https://le.utah.gov/xcode/Title10/Chapter20/C10-20-S401_2025110620251206.html | Utah Code §10-20-403: https://le.utah.gov/xcode/Title10/Chapter20/C10-20-S403_2025110620251206.html | Utah Code §10-21-101(25): https://le.utah.gov/xcode/Title10/Chapter21/C10-21-S101_2026050620260701.html | Utah Code §10-2-301: https://le.utah.gov/xcode/Title10/Chapter2/C10-2-S301_1800010118000101.html | Utah Code §17-60-104: https://le.utah.gov/xcode/Title17/Chapter60/C17-60-S104_2025110620251206.pdf | Utah Code §10-21-201: https://le.utah.gov/xcode/Title10/Chapter21/C10-21-S201_2026050620260701.html | Utah Code §10-21-202: https://le.utah.gov/xcode/Title10/Chapter21/C10-21-S202_2026050620260701.html | Utah Housing Division, Moderate Income Housing: https://housing.utah.gov/affordable-housing/moderate-income/","Housing needs (required): Analyze the municipality's additional moderate-income housing needs for the next five years and realistic opportunities to meet them. | Income groups (required): The element focuses on moderate-income housing, defined as affordable at 80% of county median gross household income, adjusted for household size. | Action program (required): Without a fixed-guideway station: select at least three listed strategies, or at least one of the special housing-zone/density-bonus strategies (X)–(CC). With a station: five including station-area planning and specified transit-density or parking reform, or the alternative three-strategy combination. Adopt a five-year implementation timeline with specific benchmarks. | Monitoring (required): Specified municipalities report implementation actions and barriers, ADUs, entitlements, building permits, occupancy and zoning information. The ordinary report is due August 1; 2026 has a statutory reporting pause and carryover compliance, with a separate July 1 occupancy-count requirement. | Development constraints (conditional): Strategies can address zoning, fees, parking, infrastructure and approvals; no single reform is universally required because municipalities choose among statutory alternatives."
